"PID","ID_0","ISO","NAME_0","ID_1","NAME_1","ID_2","NAME_2","ID_3","NAME_3","NL_NAME_3","VARNAME_3","TYPE_3","ENGTYPE_3"
42969,118,"KEN","Kenya",1,"Central",1,"Kiambu",1,"Gatundu","","","Tarafa|Taarafa","Division"
42970,118,"KEN","Kenya",1,"Central",1,"Kiambu",2,"Githunguri","","","Tarafa|Taarafa","Division"
42971,118,"KEN","Kenya",1,"Central",1,"Kiambu",3,"Kiambaa","","","Tarafa|Taarafa","Division"
42972,118,"KEN","Kenya",1,"Central",1,"Kiambu",4,"Kikuyu","","","Tarafa|Taarafa","Division"
42973,118,"KEN","Kenya",1,"Central",1,"Kiambu",5,"Lari","","","Tarafa|Taarafa","Division"
42974,118,"KEN","Kenya",1,"Central",1,"Kiambu",6,"Limuru","","","Tarafa|Taarafa","Division"
42975,118,"KEN","Kenya",1,"Central",1,"Kiambu",7,"Thika","","","Tarafa|Taarafa","Division"
42976,118,"KEN","Kenya",1,"Central",2,"Kirinyaga",8,"Gichugu","","","Tarafa|Taarafa","Division"
42977,118,"KEN","Kenya",1,"Central",2,"Kirinyaga",9,"Mt. Kenya","","","Tarafa|Taarafa","Division"
42978,118,"KEN","Kenya",1,"Central",2,"Kirinyaga",10,"Mwea","","","Tarafa|Taarafa","Division"
42979,118,"KEN","Kenya",1,"Central",2,"Kirinyaga",11,"Ndia","","","Tarafa|Taarafa","Division"
42980,118,"KEN","Kenya",1,"Central",3,"Machakos",12,"Masinga","","","Tarafa|Taarafa","Division"
42981,118,"KEN","Kenya",1,"Central",4,"Murang'a",13,"Gatanga","","","Tarafa|Taarafa","Division"
42982,118,"KEN","Kenya",1,"Central",4,"Murang'a",14,"Kandara","","","Tarafa|Taarafa","Division"
42983,118,"KEN","Kenya",1,"Central",4,"Murang'a",15,"Kangema","","","Tarafa|Taarafa","Division"
42984,118,"KEN","Kenya",1,"Central",4,"Murang'a",16,"Kigumo","","","Tarafa|Taarafa","Division"
42985,118,"KEN","Kenya",1,"Central",4,"Murang'a",17,"Kiharu","","","Tarafa|Taarafa","Division"
42986,118,"KEN","Kenya",1,"Central",4,"Murang'a",18,"Makuyu","","","Tarafa|Taarafa","Division"
42987,118,"KEN","Kenya",1,"Central",5,"Nyandarua",19,"Kinangop","","","Tarafa|Taarafa","Division"
42988,118,"KEN","Kenya",1,"Central",5,"Nyandarua",20,"Kipipiri","","","Tarafa|Taarafa","Division"
42989,118,"KEN","Kenya",1,"Central",5,"Nyandarua",21,"Ndaragwa","","","Tarafa|Taarafa","Division"
42990,118,"KEN","Kenya",1,"Central",5,"Nyandarua",22,"Ol-Kalou","","","Tarafa|Taarafa","Division"
42991,118,"KEN","Kenya",1,"Central",5,"Nyandarua",23,"Ol Joro Orok","","","Tarafa|Taarafa","Division"
42992,118,"KEN","Kenya",1,"Central",6,"Nyeri",24,"Aberdare Forest and National Park","","","Tarafa|Taarafa","Division"
42993,118,"KEN","Kenya",1,"Central",6,"Nyeri",25,"Kieni East","","","Tarafa|Taarafa","Division"
42994,118,"KEN","Kenya",1,"Central",6,"Nyeri",26,"Kieni West","","","Tarafa|Taarafa","Division"
42995,118,"KEN","Kenya",1,"Central",6,"Nyeri",27,"Mathira","","","Tarafa|Taarafa","Division"
42996,118,"KEN","Kenya",1,"Central",6,"Nyeri",28,"Mt. Kenya Forest and National Park","","","Tarafa|Taarafa","Division"
42997,118,"KEN","Kenya",1,"Central",6,"Nyeri",29,"Mukurweini","","","Tarafa|Taarafa","Division"
42998,118,"KEN","Kenya",1,"Central",6,"Nyeri",30,"Municipality","","","Tarafa|Taarafa","Division"
42999,118,"KEN","Kenya",1,"Central",6,"Nyeri",31,"Othaya","","","Tarafa|Taarafa","Division"
43000,118,"KEN","Kenya",1,"Central",6,"Nyeri",32,"Tetu","","","Tarafa|Taarafa","Division"
43001,118,"KEN","Kenya",2,"Coast",7,"Kilifi",33,"Bahari","","","Tarafa|Taarafa","Division"
43002,118,"KEN","Kenya",2,"Coast",7,"Kilifi",34,"Ganze","","","Tarafa|Taarafa","Division"
43003,118,"KEN","Kenya",2,"Coast",7,"Kilifi",35,"Kalolenli","","","Tarafa|Taarafa","Division"
43004,118,"KEN","Kenya",2,"Coast",7,"Kilifi",36,"Malindi","","","Tarafa|Taarafa","Division"
43005,118,"KEN","Kenya",2,"Coast",8,"Kwale",37,"Kinango","","","Tarafa|Taarafa","Division"
43006,118,"KEN","Kenya",2,"Coast",8,"Kwale",38,"Kubo","","","Tarafa|Taarafa","Division"
43007,118,"KEN","Kenya",2,"Coast",8,"Kwale",39,"Matuga","","","Tarafa|Taarafa","Division"
43008,118,"KEN","Kenya",2,"Coast",8,"Kwale",40,"Msambweni","","","Tarafa|Taarafa","Division"
43009,118,"KEN","Kenya",2,"Coast",9,"Lamu",41,"Amu","","","Tarafa|Taarafa","Division"
43010,118,"KEN","Kenya",2,"Coast",9,"Lamu",42,"Faza","","","Tarafa|Taarafa","Division"
43011,118,"KEN","Kenya",2,"Coast",9,"Lamu",43,"Kiunga","","","Tarafa|Taarafa","Division"
43012,118,"KEN","Kenya",2,"Coast",9,"Lamu",44,"Mpeketoni","","","Tarafa|Taarafa","Division"
43013,118,"KEN","Kenya",2,"Coast",9,"Lamu",45,"Witu","","","Tarafa|Taarafa","Division"
43014,118,"KEN","Kenya",2,"Coast",10,"Mombasa",46,"Changamwe","","","Tarafa|Taarafa","Division"
43015,118,"KEN","Kenya",2,"Coast",10,"Mombasa",47,"Island","","","Tarafa|Taarafa","Division"
43016,118,"KEN","Kenya",2,"Coast",10,"Mombasa",48,"Kisauni","","","Tarafa|Taarafa","Division"
43017,118,"KEN","Kenya",2,"Coast",10,"Mombasa",49,"Likoni","","","Tarafa|Taarafa","Division"
43018,118,"KEN","Kenya",2,"Coast",11,"Taita Taveta",50,"Mwatate","","","Tarafa|Taarafa","Division"
43019,118,"KEN","Kenya",2,"Coast",11,"Taita Taveta",51,"Taveta","","","Tarafa|Taarafa","Division"
43020,118,"KEN","Kenya",2,"Coast",11,"Taita Taveta",52,"Tsavo National Park (E&W)","","","Tarafa|Taarafa","Division"
43021,118,"KEN","Kenya",2,"Coast",11,"Taita Taveta",53,"Voi","","","Tarafa|Taarafa","Division"
43022,118,"KEN","Kenya",2,"Coast",11,"Taita Taveta",54,"Wundanyi","","","Tarafa|Taarafa","Division"
43023,118,"KEN","Kenya",2,"Coast",12,"Tana River",55,"Bura","","","Tarafa|Taarafa","Division"
43024,118,"KEN","Kenya",2,"Coast",12,"Tana River",56,"Galole","","","Tarafa|Taarafa","Division"
43025,118,"KEN","Kenya",2,"Coast",12,"Tana River",57,"Garsen","","","Tarafa|Taarafa","Division"
43026,118,"KEN","Kenya",2,"Coast",12,"Tana River",58,"Madogo","","","Tarafa|Taarafa","Division"
43027,118,"KEN","Kenya",3,"Eastern",13,"Embu",59,"Gachoka","","","Tarafa|Taarafa","Division"
43028,118,"KEN","Kenya",3,"Eastern",13,"Embu",60,"Manyatta","","","Tarafa|Taarafa","Division"
43029,118,"KEN","Kenya",3,"Eastern",13,"Embu",61,"Mt. Kenya Forest","","","Tarafa|Taarafa","Division"
43030,118,"KEN","Kenya",3,"Eastern",13,"Embu",62,"Runyenjes","","","Tarafa|Taarafa","Division"
43031,118,"KEN","Kenya",3,"Eastern",13,"Embu",63,"Siagako","","","Tarafa|Taarafa","Division"
43032,118,"KEN","Kenya",3,"Eastern",14,"Isiolo",64,"Central","","","Tarafa|Taarafa","Division"
43033,118,"KEN","Kenya",3,"Eastern",14,"Isiolo",65,"Garba Tulla","","","Tarafa|Taarafa","Division"
43034,118,"KEN","Kenya",3,"Eastern",14,"Isiolo",66,"Merti","","","Tarafa|Taarafa","Division"
43035,118,"KEN","Kenya",3,"Eastern",14,"Isiolo",67,"Sericho","","","Tarafa|Taarafa","Division"
43036,118,"KEN","Kenya",3,"Eastern",15,"Kitui",68,"Central","","","Tarafa|Taarafa","Division"
43037,118,"KEN","Kenya",3,"Eastern",15,"Kitui",69,"Kwa-Vonza","","","Tarafa|Taarafa","Division"
43038,118,"KEN","Kenya",3,"Eastern",15,"Kitui",70,"Kyuso","","","Tarafa|Taarafa","Division"
43039,118,"KEN","Kenya",3,"Eastern",15,"Kitui",71,"Mutito","","","Tarafa|Taarafa","Division"
43040,118,"KEN","Kenya",3,"Eastern",15,"Kitui",72,"Mutomo","","","Tarafa|Taarafa","Division"
43041,118,"KEN","Kenya",3,"Eastern",15,"Kitui",73,"Mwingi","","","Tarafa|Taarafa","Division"
43042,118,"KEN","Kenya",3,"Eastern",16,"Machakos",74,"Central","","","Tarafa|Taarafa","Division"
43043,118,"KEN","Kenya",3,"Eastern",16,"Machakos",75,"Kangundo","","","Tarafa|Taarafa","Division"
43044,118,"KEN","Kenya",3,"Eastern",16,"Machakos",76,"Kathiani","","","Tarafa|Taarafa","Division"
43045,118,"KEN","Kenya",3,"Eastern",16,"Machakos",77,"Masinga","","","Tarafa|Taarafa","Division"
43046,118,"KEN","Kenya",3,"Eastern",16,"Machakos",78,"Mwala","","","Tarafa|Taarafa","Division"
43047,118,"KEN","Kenya",3,"Eastern",16,"Machakos",79,"Yatta","","","Tarafa|Taarafa","Division"
43048,118,"KEN","Kenya",3,"Eastern",17,"Makueni",80,"Kibwezi","","","Tarafa|Taarafa","Division"
43049,118,"KEN","Kenya",3,"Eastern",17,"Makueni",81,"Kilome","","","Tarafa|Taarafa","Division"
43050,118,"KEN","Kenya",3,"Eastern",17,"Makueni",82,"Makueni","","","Tarafa|Taarafa","Division"
43051,118,"KEN","Kenya",3,"Eastern",17,"Makueni",83,"Mbooni","","","Tarafa|Taarafa","Division"
43052,118,"KEN","Kenya",3,"Eastern",17,"Makueni",84,"Tsavo West National Park","","","Tarafa|Taarafa","Division"
43053,118,"KEN","Kenya",3,"Eastern",18,"Marsabit",85,"Central","","","Tarafa|Taarafa","Division"
43054,118,"KEN","Kenya",3,"Eastern",18,"Marsabit",86,"Laisamis","","","Tarafa|Taarafa","Division"
43055,118,"KEN","Kenya",3,"Eastern",18,"Marsabit",87,"Loiyangalani","","","Tarafa|Taarafa","Division"
43056,118,"KEN","Kenya",3,"Eastern",18,"Marsabit",88,"Moyale","","","Tarafa|Taarafa","Division"
43057,118,"KEN","Kenya",3,"Eastern",18,"Marsabit",89,"North Horr","","","Tarafa|Taarafa","Division"
43058,118,"KEN","Kenya",3,"Eastern",18,"Marsabit",90,"Sololo","","","Tarafa|Taarafa","Division"
43059,118,"KEN","Kenya",3,"Eastern",19,"Meru",91,"Central Imenti","","","Tarafa|Taarafa","Division"
43060,118,"KEN","Kenya",3,"Eastern",19,"Meru",92,"Igembe","","","Tarafa|Taarafa","Division"
43061,118,"KEN","Kenya",3,"Eastern",19,"Meru",93,"Meru National Park","","","Tarafa|Taarafa","Division"
43062,118,"KEN","Kenya",3,"Eastern",19,"Meru",94,"Mount Kenya Forest","","","Tarafa|Taarafa","Division"
43063,118,"KEN","Kenya",3,"Eastern",19,"Meru",95,"North Imenti","","","Tarafa|Taarafa","Division"
43064,118,"KEN","Kenya",3,"Eastern",19,"Meru",96,"Ntonyiri","","","Tarafa|Taarafa","Division"
43065,118,"KEN","Kenya",3,"Eastern",19,"Meru",97,"South Imenti","","","Tarafa|Taarafa","Division"
43066,118,"KEN","Kenya",3,"Eastern",19,"Meru",98,"Tigania","","","Tarafa|Taarafa","Division"
43067,118,"KEN","Kenya",3,"Eastern",19,"Meru",99,"Timau","","","Tarafa|Taarafa","Division"
43068,118,"KEN","Kenya",3,"Eastern",20,"Nithi",100,"Mount Kenya Forest","","","Tarafa|Taarafa","Division"
43069,118,"KEN","Kenya",3,"Eastern",20,"Nithi",101,"Nithi","","","Tarafa|Taarafa","Division"
43070,118,"KEN","Kenya",3,"Eastern",20,"Nithi",102,"Tharaka","","","Tarafa|Taarafa","Division"
43071,118,"KEN","Kenya",3,"Eastern",21,"Wajir",103,"Bute","","","Tarafa|Taarafa","Division"
43072,118,"KEN","Kenya",4,"Nairobi",22,"Nairobi",104,"Central","","","Tarafa|Taarafa","Division"
43073,118,"KEN","Kenya",4,"Nairobi",22,"Nairobi",105,"Dagoretti","","","Tarafa|Taarafa","Division"
43074,118,"KEN","Kenya",4,"Nairobi",22,"Nairobi",106,"Embakasi","","","Tarafa|Taarafa","Division"
43075,118,"KEN","Kenya",4,"Nairobi",22,"Nairobi",107,"Kasarani","","","Tarafa|Taarafa","Division"
43076,118,"KEN","Kenya",4,"Nairobi",22,"Nairobi",108,"Kibera","","","Tarafa|Taarafa","Division"
43077,118,"KEN","Kenya",4,"Nairobi",22,"Nairobi",109,"Makadara","","","Tarafa|Taarafa","Division"
43078,118,"KEN","Kenya",4,"Nairobi",22,"Nairobi",110,"Parklands/Westlands","","","Tarafa|Taarafa","Division"
43079,118,"KEN","Kenya",4,"Nairobi",22,"Nairobi",111,"Pumwani","","","Tarafa|Taarafa","Division"
43080,118,"KEN","Kenya",5,"North-Eastern",23,"Garissa",112,"Bura","","","Tarafa|Taarafa","Division"
43081,118,"KEN","Kenya",5,"North-Eastern",23,"Garissa",113,"Central","","","Tarafa|Taarafa","Division"
43082,118,"KEN","Kenya",5,"North-Eastern",23,"Garissa",114,"Dadaab","","","Tarafa|Taarafa","Division"
43083,118,"KEN","Kenya",5,"North-Eastern",23,"Garissa",115,"Hulugho","","","Tarafa|Taarafa","Division"
43084,118,"KEN","Kenya",5,"North-Eastern",23,"Garissa",116,"Jarajila","","","Tarafa|Taarafa","Division"
43085,118,"KEN","Kenya",5,"North-Eastern",23,"Garissa",117,"Liboi","","","Tarafa|Taarafa","Division"
43086,118,"KEN","Kenya",5,"North-Eastern",23,"Garissa",118,"Masalani","","","Tarafa|Taarafa","Division"
43087,118,"KEN","Kenya",5,"North-Eastern",23,"Garissa",119,"Mbalambala","","","Tarafa|Taarafa","Division"
43088,118,"KEN","Kenya",5,"North-Eastern",23,"Garissa",120,"Modogashe","","","Tarafa|Taarafa","Division"
43089,118,"KEN","Kenya",5,"North-Eastern",24,"Mandera",121,"Banissa","","","Tarafa|Taarafa","Division"
43090,118,"KEN","Kenya",5,"North-Eastern",24,"Mandera",122,"Central","","","Tarafa|Taarafa","Division"
43091,118,"KEN","Kenya",5,"North-Eastern",24,"Mandera",123,"Elwak","","","Tarafa|Taarafa","Division"
43092,118,"KEN","Kenya",5,"North-Eastern",24,"Mandera",124,"Fino","","","Tarafa|Taarafa","Division"
43093,118,"KEN","Kenya",5,"North-Eastern",24,"Mandera",125,"Rhamu","","","Tarafa|Taarafa","Division"
43094,118,"KEN","Kenya",5,"North-Eastern",24,"Mandera",126,"Tabaka","","","Tarafa|Taarafa","Division"
43095,118,"KEN","Kenya",5,"North-Eastern",25,"Wajir",127,"Bune","","","Tarafa|Taarafa","Division"
43096,118,"KEN","Kenya",5,"North-Eastern",25,"Wajir",128,"Bute","","","Tarafa|Taarafa","Division"
43097,118,"KEN","Kenya",5,"North-Eastern",25,"Wajir",129,"Central","","","Tarafa|Taarafa","Division"
43098,118,"KEN","Kenya",5,"North-Eastern",25,"Wajir",130,"Griftu","","","Tarafa|Taarafa","Division"
43099,118,"KEN","Kenya",5,"North-Eastern",25,"Wajir",131,"Habaswein","","","Tarafa|Taarafa","Division"
43100,118,"KEN","Kenya",5,"North-Eastern",25,"Wajir",132,"Wajir-Bor","","","Tarafa|Taarafa","Division"
43101,118,"KEN","Kenya",6,"Nyanza",26,"Homa Bay",133,"Bondo","","","Tarafa|Taarafa","Division"
43102,118,"KEN","Kenya",6,"Nyanza",26,"Homa Bay",134,"Kendul Bay","","","Tarafa|Taarafa","Division"
43103,118,"KEN","Kenya",6,"Nyanza",26,"Homa Bay",135,"Lake Victoria","","","Tarafa|Taarafa","Division"
43104,118,"KEN","Kenya",6,"Nyanza",26,"Homa Bay",136,"Maseno","","","Tarafa|Taarafa","Division"
43105,118,"KEN","Kenya",6,"Nyanza",26,"Homa Bay",137,"Mbita","","","Tarafa|Taarafa","Division"
43106,118,"KEN","Kenya",6,"Nyanza",26,"Homa Bay",138,"Ndhiwa","","","Tarafa|Taarafa","Division"
43107,118,"KEN","Kenya",6,"Nyanza",26,"Homa Bay",139,"Oyugis","","","Tarafa|Taarafa","Division"
43108,118,"KEN","Kenya",6,"Nyanza",26,"Homa Bay",140,"Rangwe","","","Tarafa|Taarafa","Division"
43109,118,"KEN","Kenya",6,"Nyanza",26,"Homa Bay",141,"Rarieda","","","Tarafa|Taarafa","Division"
43110,118,"KEN","Kenya",6,"Nyanza",26,"Homa Bay",142,"Winam","","","Tarafa|Taarafa","Division"
43111,118,"KEN","Kenya",6,"Nyanza",27,"Kisii",143,"Bosongo","","","Tarafa|Taarafa","Division"
43112,118,"KEN","Kenya",6,"Nyanza",27,"Kisii",144,"Irianyi","","","Tarafa|Taarafa","Division"
43113,118,"KEN","Kenya",6,"Nyanza",27,"Kisii",145,"Kisii Municipality","","","Tarafa|Taarafa","Division"
43114,118,"KEN","Kenya",6,"Nyanza",27,"Kisii",146,"Marani","","","Tarafa|Taarafa","Division"
43115,118,"KEN","Kenya",6,"Nyanza",27,"Kisii",147,"Masaba","","","Tarafa|Taarafa","Division"
43116,118,"KEN","Kenya",6,"Nyanza",27,"Kisii",148,"Nyamache","","","Tarafa|Taarafa","Division"
43117,118,"KEN","Kenya",6,"Nyanza",27,"Kisii",149,"Ogembo","","","Tarafa|Taarafa","Division"
43118,118,"KEN","Kenya",6,"Nyanza",27,"Kisii",150,"Suneka","","","Tarafa|Taarafa","Division"
43119,118,"KEN","Kenya",6,"Nyanza",28,"Kisumu",151,"Lower Nyakach","","","Tarafa|Taarafa","Division"
43120,118,"KEN","Kenya",6,"Nyanza",28,"Kisumu",152,"Maseno","","","Tarafa|Taarafa","Division"
43121,118,"KEN","Kenya",6,"Nyanza",28,"Kisumu",153,"Muhoroni","","","Tarafa|Taarafa","Division"
43122,118,"KEN","Kenya",6,"Nyanza",28,"Kisumu",154,"Nyando","","","Tarafa|Taarafa","Division"
43123,118,"KEN","Kenya",6,"Nyanza",28,"Kisumu",155,"Upper Nyakach","","","Tarafa|Taarafa","Division"
43124,118,"KEN","Kenya",6,"Nyanza",28,"Kisumu",156,"Winam","","","Tarafa|Taarafa","Division"
43125,118,"KEN","Kenya",6,"Nyanza",29,"Migori",157,"Kechancha","","","Tarafa|Taarafa","Division"
43126,118,"KEN","Kenya",6,"Nyanza",29,"Migori",158,"Migori","","","Tarafa|Taarafa","Division"
43127,118,"KEN","Kenya",6,"Nyanza",29,"Migori",159,"Nyatike","","","Tarafa|Taarafa","Division"
43128,118,"KEN","Kenya",6,"Nyanza",29,"Migori",160,"Rongo","","","Tarafa|Taarafa","Division"
43129,118,"KEN","Kenya",6,"Nyanza",30,"Nyamira",161,"Borabu","","","Tarafa|Taarafa","Division"
43130,118,"KEN","Kenya",6,"Nyanza",30,"Nyamira",162,"Ekerenyo","","","Tarafa|Taarafa","Division"
43131,118,"KEN","Kenya",6,"Nyanza",30,"Nyamira",163,"Magombo","","","Tarafa|Taarafa","Division"
43132,118,"KEN","Kenya",6,"Nyanza",30,"Nyamira",164,"Nyamira","","","Tarafa|Taarafa","Division"
43133,118,"KEN","Kenya",6,"Nyanza",31,"Siaya",165,"Bondo","","","Tarafa|Taarafa","Division"
43134,118,"KEN","Kenya",6,"Nyanza",31,"Siaya",166,"Boro","","","Tarafa|Taarafa","Division"
43135,118,"KEN","Kenya",6,"Nyanza",31,"Siaya",167,"Rarieda","","","Tarafa|Taarafa","Division"
43136,118,"KEN","Kenya",6,"Nyanza",31,"Siaya",168,"Ugunja","","","Tarafa|Taarafa","Division"
43137,118,"KEN","Kenya",6,"Nyanza",31,"Siaya",169,"Ukwala","","","Tarafa|Taarafa","Division"
43138,118,"KEN","Kenya",6,"Nyanza",31,"Siaya",170,"Yala","","","Tarafa|Taarafa","Division"
43139,118,"KEN","Kenya",7,"Rift Valley",32,"Baringo",171,"Kabarnet","","","Tarafa|Taarafa","Division"
43140,118,"KEN","Kenya",7,"Rift Valley",32,"Baringo",172,"Kabartonjo","","","Tarafa|Taarafa","Division"
43141,118,"KEN","Kenya",7,"Rift Valley",32,"Baringo",173,"Marigat","","","Tarafa|Taarafa","Division"
43142,118,"KEN","Kenya",7,"Rift Valley",32,"Baringo",174,"Mochongoi","","","Tarafa|Taarafa","Division"
43143,118,"KEN","Kenya",7,"Rift Valley",32,"Baringo",175,"Mogotio","","","Tarafa|Taarafa","Division"
43144,118,"KEN","Kenya",7,"Rift Valley",32,"Baringo",176,"Nginyang","","","Tarafa|Taarafa","Division"
43145,118,"KEN","Kenya",7,"Rift Valley",32,"Baringo",177,"Ravine","","","Tarafa|Taarafa","Division"
43146,118,"KEN","Kenya",7,"Rift Valley",32,"Baringo",178,"Tenges","","","Tarafa|Taarafa","Division"
43147,118,"KEN","Kenya",7,"Rift Valley",33,"Bomet",179,"Bomet","","","Tarafa|Taarafa","Division"
43148,118,"KEN","Kenya",7,"Rift Valley",33,"Bomet",180,"Chepalungu","","","Tarafa|Taarafa","Division"
43149,118,"KEN","Kenya",7,"Rift Valley",33,"Bomet",181,"Konoin","","","Tarafa|Taarafa","Division"
43150,118,"KEN","Kenya",7,"Rift Valley",34,"Elgeyo-Marakwet",182,"Central","","","Tarafa|Taarafa","Division"
43151,118,"KEN","Kenya",7,"Rift Valley",34,"Elgeyo-Marakwet",183,"Kapcherop","","","Tarafa|Taarafa","Division"
43152,118,"KEN","Kenya",7,"Rift Valley",34,"Elgeyo-Marakwet",184,"Northern","","","Tarafa|Taarafa","Division"
43153,118,"KEN","Kenya",7,"Rift Valley",34,"Elgeyo-Marakwet",185,"Southern","","","Tarafa|Taarafa","Division"
43154,118,"KEN","Kenya",7,"Rift Valley",34,"Elgeyo-Marakwet",186,"Tot","","","Tarafa|Taarafa","Division"
43155,118,"KEN","Kenya",7,"Rift Valley",35,"Kericho",187,"Belgut","","","Tarafa|Taarafa","Division"
43156,118,"KEN","Kenya",7,"Rift Valley",35,"Kericho",188,"Buret","","","Tarafa|Taarafa","Division"
43157,118,"KEN","Kenya",7,"Rift Valley",35,"Kericho",189,"Kipkelion","","","Tarafa|Taarafa","Division"
43158,118,"KEN","Kenya",7,"Rift Valley",35,"Kericho",190,"Londiani","","","Tarafa|Taarafa","Division"
43159,118,"KEN","Kenya",7,"Rift Valley",36,"Laikipia",191,"Central","","","Tarafa|Taarafa","Division"
43160,118,"KEN","Kenya",7,"Rift Valley",36,"Laikipia",192,"Mukogondo","","","Tarafa|Taarafa","Division"
43161,118,"KEN","Kenya",7,"Rift Valley",36,"Laikipia",193,"Ng'arua","","","Tarafa|Taarafa","Division"
43162,118,"KEN","Kenya",7,"Rift Valley",36,"Laikipia",194,"Rumuruti","","","Tarafa|Taarafa","Division"
43163,118,"KEN","Kenya",7,"Rift Valley",37,"Nakuru",195,"Bahati","","","Tarafa|Taarafa","Division"
43164,118,"KEN","Kenya",7,"Rift Valley",37,"Nakuru",196,"Central","","","Tarafa|Taarafa","Division"
43165,118,"KEN","Kenya",7,"Rift Valley",37,"Nakuru",197,"Gilgil","","","Tarafa|Taarafa","Division"
43166,118,"KEN","Kenya",7,"Rift Valley",37,"Nakuru",198,"Loitokitok","","","Tarafa|Taarafa","Division"
43167,118,"KEN","Kenya",7,"Rift Valley",37,"Nakuru",199,"Magadi","","","Tarafa|Taarafa","Division"
43168,118,"KEN","Kenya",7,"Rift Valley",37,"Nakuru",200,"Mbogoini","","","Tarafa|Taarafa","Division"
43169,118,"KEN","Kenya",7,"Rift Valley",37,"Nakuru",201,"Molo","","","Tarafa|Taarafa","Division"
43170,118,"KEN","Kenya",7,"Rift Valley",37,"Nakuru",202,"Municipality","","","Tarafa|Taarafa","Division"
43171,118,"KEN","Kenya",7,"Rift Valley",37,"Nakuru",203,"Naivasha","","","Tarafa|Taarafa","Division"
43172,118,"KEN","Kenya",7,"Rift Valley",37,"Nakuru",204,"Ngong","","","Tarafa|Taarafa","Division"
43173,118,"KEN","Kenya",7,"Rift Valley",37,"Nakuru",205,"Njoro","","","Tarafa|Taarafa","Division"
43174,118,"KEN","Kenya",7,"Rift Valley",37,"Nakuru",206,"Olenguruone","","","Tarafa|Taarafa","Division"
43175,118,"KEN","Kenya",7,"Rift Valley",37,"Nakuru",207,"Rongai","","","Tarafa|Taarafa","Division"
43176,118,"KEN","Kenya",7,"Rift Valley",38,"Nandi",208,"Aldai","","","Tarafa|Taarafa","Division"
43177,118,"KEN","Kenya",7,"Rift Valley",38,"Nandi",209,"Kapsabet","","","Tarafa|Taarafa","Division"
43178,118,"KEN","Kenya",7,"Rift Valley",38,"Nandi",210,"Kilibwoni","","","Tarafa|Taarafa","Division"
43179,118,"KEN","Kenya",7,"Rift Valley",38,"Nandi",211,"Mosop","","","Tarafa|Taarafa","Division"
43180,118,"KEN","Kenya",7,"Rift Valley",38,"Nandi",212,"Tindiret","","","Tarafa|Taarafa","Division"
43181,118,"KEN","Kenya",7,"Rift Valley",39,"Narok",213,"Kilgoris","","","Tarafa|Taarafa","Division"
43182,118,"KEN","Kenya",7,"Rift Valley",39,"Narok",214,"Lolgorian","","","Tarafa|Taarafa","Division"
43183,118,"KEN","Kenya",7,"Rift Valley",39,"Narok",215,"Mau","","","Tarafa|Taarafa","Division"
43184,118,"KEN","Kenya",7,"Rift Valley",39,"Narok",216,"Olokurto","","","Tarafa|Taarafa","Division"
43185,118,"KEN","Kenya",7,"Rift Valley",39,"Narok",217,"Osupuko","","","Tarafa|Taarafa","Division"
43186,118,"KEN","Kenya",7,"Rift Valley",40,"Samburu",218,"Baragoi","","","Tarafa|Taarafa","Division"
43187,118,"KEN","Kenya",7,"Rift Valley",40,"Samburu",219,"Lorroki","","","Tarafa|Taarafa","Division"
43188,118,"KEN","Kenya",7,"Rift Valley",40,"Samburu",220,"Wamba","","","Tarafa|Taarafa","Division"
43189,118,"KEN","Kenya",7,"Rift Valley",40,"Samburu",221,"Waso","","","Tarafa|Taarafa","Division"
43190,118,"KEN","Kenya",7,"Rift Valley",41,"Trans-Nzoia",222,"Cherangani","","","Tarafa|Taarafa","Division"
43191,118,"KEN","Kenya",7,"Rift Valley",41,"Trans-Nzoia",223,"Kwanza","","","Tarafa|Taarafa","Division"
43192,118,"KEN","Kenya",7,"Rift Valley",41,"Trans-Nzoia",224,"Saboti","","","Tarafa|Taarafa","Division"
43193,118,"KEN","Kenya",7,"Rift Valley",42,"Turkana",225,"Central (Kalolkol)","","","Tarafa|Taarafa","Division"
43194,118,"KEN","Kenya",7,"Rift Valley",42,"Turkana",226,"Kakuma","","","Tarafa|Taarafa","Division"
43195,118,"KEN","Kenya",7,"Rift Valley",42,"Turkana",227,"Katilu","","","Tarafa|Taarafa","Division"
43196,118,"KEN","Kenya",7,"Rift Valley",42,"Turkana",228,"Kibish","","","Tarafa|Taarafa","Division"
43197,118,"KEN","Kenya",7,"Rift Valley",42,"Turkana",229,"Lokitaung","","","Tarafa|Taarafa","Division"
43198,118,"KEN","Kenya",7,"Rift Valley",42,"Turkana",230,"Lokori","","","Tarafa|Taarafa","Division"
43199,118,"KEN","Kenya",7,"Rift Valley",42,"Turkana",231,"Turkwel","","","Tarafa|Taarafa","Division"
43200,118,"KEN","Kenya",7,"Rift Valley",43,"Uasin Gishu",232,"Ainabkoi","","","Tarafa|Taarafa","Division"
43201,118,"KEN","Kenya",7,"Rift Valley",43,"Uasin Gishu",233,"Kesses","","","Tarafa|Taarafa","Division"
43202,118,"KEN","Kenya",7,"Rift Valley",43,"Uasin Gishu",234,"Moiben","","","Tarafa|Taarafa","Division"
43203,118,"KEN","Kenya",7,"Rift Valley",43,"Uasin Gishu",235,"Soy","","","Tarafa|Taarafa","Division"
43204,118,"KEN","Kenya",7,"Rift Valley",44,"West Pokot",236,"Alale","","","Tarafa|Taarafa","Division"
43205,118,"KEN","Kenya",7,"Rift Valley",44,"West Pokot",237,"Chepareria","","","Tarafa|Taarafa","Division"
43206,118,"KEN","Kenya",7,"Rift Valley",44,"West Pokot",238,"Kacheliba","","","Tarafa|Taarafa","Division"
43207,118,"KEN","Kenya",7,"Rift Valley",44,"West Pokot",239,"Kapenguria","","","Tarafa|Taarafa","Division"
43208,118,"KEN","Kenya",7,"Rift Valley",44,"West Pokot",240,"Sigor","","","Tarafa|Taarafa","Division"
43209,118,"KEN","Kenya",8,"Western",45,"Bungoma",241,"Cheptaisi","","","Tarafa|Taarafa","Division"
43210,118,"KEN","Kenya",8,"Western",45,"Bungoma",242,"Kanduyi","","","Tarafa|Taarafa","Division"
43211,118,"KEN","Kenya",8,"Western",45,"Bungoma",243,"Kapsokwony","","","Tarafa|Taarafa","Division"
43212,118,"KEN","Kenya",8,"Western",45,"Bungoma",244,"Kimilili","","","Tarafa|Taarafa","Division"
43213,118,"KEN","Kenya",8,"Western",45,"Bungoma",245,"Mt. Elgon Forest","","","Tarafa|Taarafa","Division"
43214,118,"KEN","Kenya",8,"Western",45,"Bungoma",246,"Sirisia","","","Tarafa|Taarafa","Division"
43215,118,"KEN","Kenya",8,"Western",45,"Bungoma",247,"Tongareni","","","Tarafa|Taarafa","Division"
43216,118,"KEN","Kenya",8,"Western",45,"Bungoma",248,"Webuye","","","Tarafa|Taarafa","Division"
43217,118,"KEN","Kenya",8,"Western",46,"Busia",249,"Amagoro","","","Tarafa|Taarafa","Division"
43218,118,"KEN","Kenya",8,"Western",46,"Busia",250,"Amukura","","","Tarafa|Taarafa","Division"
43219,118,"KEN","Kenya",8,"Western",46,"Busia",251,"Budalangi","","","Tarafa|Taarafa","Division"
43220,118,"KEN","Kenya",8,"Western",46,"Busia",252,"Butula","","","Tarafa|Taarafa","Division"
43221,118,"KEN","Kenya",8,"Western",46,"Busia",253,"Funyula","","","Tarafa|Taarafa","Division"
43222,118,"KEN","Kenya",8,"Western",46,"Busia",254,"Nambale","","","Tarafa|Taarafa","Division"
43223,118,"KEN","Kenya",8,"Western",47,"Kakamega",255,"Butere","","","Tarafa|Taarafa","Division"
43224,118,"KEN","Kenya",8,"Western",47,"Kakamega",256,"Ikolomani","","","Tarafa|Taarafa","Division"
43225,118,"KEN","Kenya",8,"Western",47,"Kakamega",257,"Khwisero","","","Tarafa|Taarafa","Division"
43226,118,"KEN","Kenya",8,"Western",47,"Kakamega",258,"Lugari","","","Tarafa|Taarafa","Division"
43227,118,"KEN","Kenya",8,"Western",47,"Kakamega",259,"Lurambi","","","Tarafa|Taarafa","Division"
43228,118,"KEN","Kenya",8,"Western",47,"Kakamega",260,"Malava/Kabras","","","Tarafa|Taarafa","Division"
43229,118,"KEN","Kenya",8,"Western",47,"Kakamega",261,"Osupuko","","","Tarafa|Taarafa","Division"
43230,118,"KEN","Kenya",8,"Western",47,"Kakamega",262,"Shinyalu","","","Tarafa|Taarafa","Division"
43231,118,"KEN","Kenya",8,"Western",48,"Vihiga",263,"Emuhaya","","","Tarafa|Taarafa","Division"
43232,118,"KEN","Kenya",8,"Western",48,"Vihiga",264,"Hamisi","","","Tarafa|Taarafa","Division"
43233,118,"KEN","Kenya",8,"Western",48,"Vihiga",265,"Sabatia","","","Tarafa|Taarafa","Division"
43234,118,"KEN","Kenya",8,"Western",48,"Vihiga",266,"Vihiga","","","Tarafa|Taarafa","Division"
